nama,grup,telepon,jumlah_tamu
Tamu Ke-1,friend,+6281234567001,2
Tamu Ke-2,colleague,+6281234567002,3
Tamu Ke-3,vip,+6281234567003,1
Tamu Ke-4,family,+6281234567004,2
Tamu Ke-5,friend,+6281234567005,3
Tamu Ke-6,colleague,+6281234567006,1
Tamu Ke-7,vip,+6281234567007,2
Tamu Ke-8,family,+6281234567008,3
Tamu Ke-9,friend,+6281234567009,1
Tamu Ke-10,colleague,+6281234567010,2
Tamu Ke-11,vip,+6281234567011,3
Tamu Ke-12,family,+6281234567012,1
Tamu Ke-13,friend,+6281234567013,2
Tamu Ke-14,colleague,+6281234567014,3
Tamu Ke-15,vip,+6281234567015,1
Tamu Ke-16,family,+6281234567016,2
Tamu Ke-17,friend,+6281234567017,3
Tamu Ke-18,colleague,+6281234567018,1
Tamu Ke-19,vip,+6281234567019,2
Tamu Ke-20,family,+6281234567020,3
Tamu Ke-21,friend,+6281234567021,1
Tamu Ke-22,colleague,+6281234567022,2
Tamu Ke-23,vip,+6281234567023,3
Tamu Ke-24,family,+6281234567024,1
Tamu Ke-25,friend,+6281234567025,2
Tamu Ke-26,colleague,+6281234567026,3
Tamu Ke-27,vip,+6281234567027,1
Tamu Ke-28,family,+6281234567028,2
Tamu Ke-29,friend,+6281234567029,3
Tamu Ke-30,colleague,+6281234567030,1
Tamu Ke-31,vip,+6281234567031,2
Tamu Ke-32,family,+6281234567032,3
Tamu Ke-33,friend,+6281234567033,1
Tamu Ke-34,colleague,+6281234567034,2
Tamu Ke-35,vip,+6281234567035,3
Tamu Ke-36,family,+6281234567036,1
Tamu Ke-37,friend,+6281234567037,2
Tamu Ke-38,colleague,+6281234567038,3
Tamu Ke-39,vip,+6281234567039,1
Tamu Ke-40,family,+6281234567040,2
Tamu Ke-41,friend,+6281234567041,3
Tamu Ke-42,colleague,+6281234567042,1
Tamu Ke-43,vip,+6281234567043,2
Tamu Ke-44,family,+6281234567044,3
Tamu Ke-45,friend,+6281234567045,1
Tamu Ke-46,colleague,+6281234567046,2
Tamu Ke-47,vip,+6281234567047,3
Tamu Ke-48,family,+6281234567048,1
Tamu Ke-49,friend,+6281234567049,2
Tamu Ke-50,colleague,+6281234567050,3
Tamu Ke-51,vip,+6281234567051,1
Tamu Ke-52,family,+6281234567052,2
Tamu Ke-53,friend,+6281234567053,3
Tamu Ke-54,colleague,+6281234567054,1
Tamu Ke-55,vip,+6281234567055,2
Tamu Ke-56,family,+6281234567056,3
Tamu Ke-57,friend,+6281234567057,1
Tamu Ke-58,colleague,+6281234567058,2
Tamu Ke-59,vip,+6281234567059,3
Tamu Ke-60,family,+6281234567060,1
Tamu Ke-61,friend,+6281234567061,2
Tamu Ke-62,colleague,+6281234567062,3
Tamu Ke-63,vip,+6281234567063,1
Tamu Ke-64,family,+6281234567064,2
Tamu Ke-65,friend,+6281234567065,3
Tamu Ke-66,colleague,+6281234567066,1
Tamu Ke-67,vip,+6281234567067,2
Tamu Ke-68,family,+6281234567068,3
Tamu Ke-69,friend,+6281234567069,1
Tamu Ke-70,colleague,+6281234567070,2
Tamu Ke-71,vip,+6281234567071,3
Tamu Ke-72,family,+6281234567072,1
Tamu Ke-73,friend,+6281234567073,2
Tamu Ke-74,colleague,+6281234567074,3
Tamu Ke-75,vip,+6281234567075,1
Tamu Ke-76,family,+6281234567076,2
Tamu Ke-77,friend,+6281234567077,3
Tamu Ke-78,colleague,+6281234567078,1
Tamu Ke-79,vip,+6281234567079,2
Tamu Ke-80,family,+6281234567080,3
Tamu Ke-81,friend,+6281234567081,1
Tamu Ke-82,colleague,+6281234567082,2
Tamu Ke-83,vip,+6281234567083,3
Tamu Ke-84,family,+6281234567084,1
Tamu Ke-85,friend,+6281234567085,2
Tamu Ke-86,colleague,+6281234567086,3
Tamu Ke-87,vip,+6281234567087,1
Tamu Ke-88,family,+6281234567088,2
Tamu Ke-89,friend,+6281234567089,3
Tamu Ke-90,colleague,+6281234567090,1
Tamu Ke-91,vip,+6281234567091,2
Tamu Ke-92,family,+6281234567092,3
Tamu Ke-93,friend,+6281234567093,1
Tamu Ke-94,colleague,+6281234567094,2
Tamu Ke-95,vip,+6281234567095,3
Tamu Ke-96,family,+6281234567096,1
Tamu Ke-97,friend,+6281234567097,2
Tamu Ke-98,colleague,+6281234567098,3
Tamu Ke-99,vip,+6281234567099,1
Tamu Ke-100,family,+6281234567100,2
Tamu Ke-101,friend,+6281234567101,3
Tamu Ke-102,colleague,+6281234567102,1
Tamu Ke-103,vip,+6281234567103,2
Tamu Ke-104,family,+6281234567104,3
Tamu Ke-105,friend,+6281234567105,1
Tamu Ke-106,colleague,+6281234567106,2
Tamu Ke-107,vip,+6281234567107,3
Tamu Ke-108,family,+6281234567108,1
Tamu Ke-109,friend,+6281234567109,2
Tamu Ke-110,colleague,+6281234567110,3
Tamu Ke-111,vip,+6281234567111,1
Tamu Ke-112,family,+6281234567112,2
Tamu Ke-113,friend,+6281234567113,3
Tamu Ke-114,colleague,+6281234567114,1
Tamu Ke-115,vip,+6281234567115,2
Tamu Ke-116,family,+6281234567116,3
Tamu Ke-117,friend,+6281234567117,1
Tamu Ke-118,colleague,+6281234567118,2
Tamu Ke-119,vip,+6281234567119,3
Tamu Ke-120,family,+6281234567120,1
Tamu Ke-121,friend,+6281234567121,2
Tamu Ke-122,colleague,+6281234567122,3
Tamu Ke-123,vip,+6281234567123,1
Tamu Ke-124,family,+6281234567124,2
Tamu Ke-125,friend,+6281234567125,3
Tamu Ke-126,colleague,+6281234567126,1
Tamu Ke-127,vip,+6281234567127,2
Tamu Ke-128,family,+6281234567128,3
Tamu Ke-129,friend,+6281234567129,1
Tamu Ke-130,colleague,+6281234567130,2
Tamu Ke-131,vip,+6281234567131,3
Tamu Ke-132,family,+6281234567132,1
Tamu Ke-133,friend,+6281234567133,2
Tamu Ke-134,colleague,+6281234567134,3
Tamu Ke-135,vip,+6281234567135,1
Tamu Ke-136,family,+6281234567136,2
Tamu Ke-137,friend,+6281234567137,3
Tamu Ke-138,colleague,+6281234567138,1
Tamu Ke-139,vip,+6281234567139,2
Tamu Ke-140,family,+6281234567140,3
Tamu Ke-141,friend,+6281234567141,1
Tamu Ke-142,colleague,+6281234567142,2
Tamu Ke-143,vip,+6281234567143,3
Tamu Ke-144,family,+6281234567144,1
Tamu Ke-145,friend,+6281234567145,2
Tamu Ke-146,colleague,+6281234567146,3
Tamu Ke-147,vip,+6281234567147,1
Tamu Ke-148,family,+6281234567148,2
Tamu Ke-149,friend,+6281234567149,3
Tamu Ke-150,colleague,+6281234567150,1
Tamu Ke-151,vip,+6281234567151,2
Tamu Ke-152,family,+6281234567152,3
Tamu Ke-153,friend,+6281234567153,1
Tamu Ke-154,colleague,+6281234567154,2
Tamu Ke-155,vip,+6281234567155,3
Tamu Ke-156,family,+6281234567156,1
Tamu Ke-157,friend,+6281234567157,2
Tamu Ke-158,colleague,+6281234567158,3
Tamu Ke-159,vip,+6281234567159,1
Tamu Ke-160,family,+6281234567160,2
Tamu Ke-161,friend,+6281234567161,3
Tamu Ke-162,colleague,+6281234567162,1
Tamu Ke-163,vip,+6281234567163,2
Tamu Ke-164,family,+6281234567164,3
Tamu Ke-165,friend,+6281234567165,1
Tamu Ke-166,colleague,+6281234567166,2
Tamu Ke-167,vip,+6281234567167,3
Tamu Ke-168,family,+6281234567168,1
Tamu Ke-169,friend,+6281234567169,2
Tamu Ke-170,colleague,+6281234567170,3
Tamu Ke-171,vip,+6281234567171,1
Tamu Ke-172,family,+6281234567172,2
Tamu Ke-173,friend,+6281234567173,3
Tamu Ke-174,colleague,+6281234567174,1
Tamu Ke-175,vip,+6281234567175,2
Tamu Ke-176,family,+6281234567176,3
Tamu Ke-177,friend,+6281234567177,1
Tamu Ke-178,colleague,+6281234567178,2
Tamu Ke-179,vip,+6281234567179,3
Tamu Ke-180,family,+6281234567180,1
Tamu Ke-181,friend,+6281234567181,2
Tamu Ke-182,colleague,+6281234567182,3
Tamu Ke-183,vip,+6281234567183,1
Tamu Ke-184,family,+6281234567184,2
Tamu Ke-185,friend,+6281234567185,3
Tamu Ke-186,colleague,+6281234567186,1
Tamu Ke-187,vip,+6281234567187,2
Tamu Ke-188,family,+6281234567188,3
Tamu Ke-189,friend,+6281234567189,1
Tamu Ke-190,colleague,+6281234567190,2
Tamu Ke-191,vip,+6281234567191,3
Tamu Ke-192,family,+6281234567192,1
Tamu Ke-193,friend,+6281234567193,2
Tamu Ke-194,colleague,+6281234567194,3
Tamu Ke-195,vip,+6281234567195,1
Tamu Ke-196,family,+6281234567196,2
Tamu Ke-197,friend,+6281234567197,3
Tamu Ke-198,colleague,+6281234567198,1
Tamu Ke-199,vip,+6281234567199,2
Tamu Ke-200,family,+6281234567200,3
Tamu Ke-201,friend,+6281234567201,1
Tamu Ke-202,colleague,+6281234567202,2
Tamu Ke-203,vip,+6281234567203,3
Tamu Ke-204,family,+6281234567204,1
Tamu Ke-205,friend,+6281234567205,2
Tamu Ke-206,colleague,+6281234567206,3
Tamu Ke-207,vip,+6281234567207,1
Tamu Ke-208,family,+6281234567208,2
Tamu Ke-209,friend,+6281234567209,3
Tamu Ke-210,colleague,+6281234567210,1
Tamu Ke-211,vip,+6281234567211,2
Tamu Ke-212,family,+6281234567212,3
Tamu Ke-213,friend,+6281234567213,1
Tamu Ke-214,colleague,+6281234567214,2
Tamu Ke-215,vip,+6281234567215,3
Tamu Ke-216,family,+6281234567216,1
Tamu Ke-217,friend,+6281234567217,2
Tamu Ke-218,colleague,+6281234567218,3
Tamu Ke-219,vip,+6281234567219,1
Tamu Ke-220,family,+6281234567220,2
Tamu Ke-221,friend,+6281234567221,3
Tamu Ke-222,colleague,+6281234567222,1
Tamu Ke-223,vip,+6281234567223,2
Tamu Ke-224,family,+6281234567224,3
Tamu Ke-225,friend,+6281234567225,1
Tamu Ke-226,colleague,+6281234567226,2
Tamu Ke-227,vip,+6281234567227,3
Tamu Ke-228,family,+6281234567228,1
Tamu Ke-229,friend,+6281234567229,2
Tamu Ke-230,colleague,+6281234567230,3
Tamu Ke-231,vip,+6281234567231,1
Tamu Ke-232,family,+6281234567232,2
Tamu Ke-233,friend,+6281234567233,3
Tamu Ke-234,colleague,+6281234567234,1
Tamu Ke-235,vip,+6281234567235,2
Tamu Ke-236,family,+6281234567236,3
Tamu Ke-237,friend,+6281234567237,1
Tamu Ke-238,colleague,+6281234567238,2
Tamu Ke-239,vip,+6281234567239,3
Tamu Ke-240,family,+6281234567240,1
Tamu Ke-241,friend,+6281234567241,2
Tamu Ke-242,colleague,+6281234567242,3
Tamu Ke-243,vip,+6281234567243,1
Tamu Ke-244,family,+6281234567244,2
Tamu Ke-245,friend,+6281234567245,3
Tamu Ke-246,colleague,+6281234567246,1
Tamu Ke-247,vip,+6281234567247,2
Tamu Ke-248,family,+6281234567248,3
Tamu Ke-249,friend,+6281234567249,1
Tamu Ke-250,colleague,+6281234567250,2
Tamu Ke-251,vip,+6281234567251,3
Tamu Ke-252,family,+6281234567252,1
Tamu Ke-253,friend,+6281234567253,2
Tamu Ke-254,colleague,+6281234567254,3
Tamu Ke-255,vip,+6281234567255,1
Tamu Ke-256,family,+6281234567256,2
Tamu Ke-257,friend,+6281234567257,3
Tamu Ke-258,colleague,+6281234567258,1
Tamu Ke-259,vip,+6281234567259,2
Tamu Ke-260,family,+6281234567260,3
Tamu Ke-261,friend,+6281234567261,1
Tamu Ke-262,colleague,+6281234567262,2
Tamu Ke-263,vip,+6281234567263,3
Tamu Ke-264,family,+6281234567264,1
Tamu Ke-265,friend,+6281234567265,2
Tamu Ke-266,colleague,+6281234567266,3
Tamu Ke-267,vip,+6281234567267,1
Tamu Ke-268,family,+6281234567268,2
Tamu Ke-269,friend,+6281234567269,3
Tamu Ke-270,colleague,+6281234567270,1
Tamu Ke-271,vip,+6281234567271,2
Tamu Ke-272,family,+6281234567272,3
Tamu Ke-273,friend,+6281234567273,1
Tamu Ke-274,colleague,+6281234567274,2
Tamu Ke-275,vip,+6281234567275,3
Tamu Ke-276,family,+6281234567276,1
Tamu Ke-277,friend,+6281234567277,2
Tamu Ke-278,colleague,+6281234567278,3
Tamu Ke-279,vip,+6281234567279,1
Tamu Ke-280,family,+6281234567280,2
Tamu Ke-281,friend,+6281234567281,3
Tamu Ke-282,colleague,+6281234567282,1
Tamu Ke-283,vip,+6281234567283,2
Tamu Ke-284,family,+6281234567284,3
Tamu Ke-285,friend,+6281234567285,1
Tamu Ke-286,colleague,+6281234567286,2
Tamu Ke-287,vip,+6281234567287,3
Tamu Ke-288,family,+6281234567288,1
Tamu Ke-289,friend,+6281234567289,2
Tamu Ke-290,colleague,+6281234567290,3
Tamu Ke-291,vip,+6281234567291,1
Tamu Ke-292,family,+6281234567292,2
Tamu Ke-293,friend,+6281234567293,3
Tamu Ke-294,colleague,+6281234567294,1
Tamu Ke-295,vip,+6281234567295,2
Tamu Ke-296,family,+6281234567296,3
Tamu Ke-297,friend,+6281234567297,1
Tamu Ke-298,colleague,+6281234567298,2
Tamu Ke-299,vip,+6281234567299,3
Tamu Ke-300,family,+6281234567300,1
Tamu Ke-301,friend,+6281234567301,2
Tamu Ke-302,colleague,+6281234567302,3
Tamu Ke-303,vip,+6281234567303,1
Tamu Ke-304,family,+6281234567304,2
Tamu Ke-305,friend,+6281234567305,3
Tamu Ke-306,colleague,+6281234567306,1
Tamu Ke-307,vip,+6281234567307,2
Tamu Ke-308,family,+6281234567308,3
Tamu Ke-309,friend,+6281234567309,1
Tamu Ke-310,colleague,+6281234567310,2
Tamu Ke-311,vip,+6281234567311,3
Tamu Ke-312,family,+6281234567312,1
Tamu Ke-313,friend,+6281234567313,2
Tamu Ke-314,colleague,+6281234567314,3
Tamu Ke-315,vip,+6281234567315,1
Tamu Ke-316,family,+6281234567316,2
Tamu Ke-317,friend,+6281234567317,3
Tamu Ke-318,colleague,+6281234567318,1
Tamu Ke-319,vip,+6281234567319,2
Tamu Ke-320,family,+6281234567320,3
Tamu Ke-321,friend,+6281234567321,1
Tamu Ke-322,colleague,+6281234567322,2
Tamu Ke-323,vip,+6281234567323,3
Tamu Ke-324,family,+6281234567324,1
Tamu Ke-325,friend,+6281234567325,2
Tamu Ke-326,colleague,+6281234567326,3
Tamu Ke-327,vip,+6281234567327,1
Tamu Ke-328,family,+6281234567328,2
Tamu Ke-329,friend,+6281234567329,3
Tamu Ke-330,colleague,+6281234567330,1
Tamu Ke-331,vip,+6281234567331,2
Tamu Ke-332,family,+6281234567332,3
Tamu Ke-333,friend,+6281234567333,1
Tamu Ke-334,colleague,+6281234567334,2
Tamu Ke-335,vip,+6281234567335,3
Tamu Ke-336,family,+6281234567336,1
Tamu Ke-337,friend,+6281234567337,2
Tamu Ke-338,colleague,+6281234567338,3
Tamu Ke-339,vip,+6281234567339,1
Tamu Ke-340,family,+6281234567340,2
Tamu Ke-341,friend,+6281234567341,3
Tamu Ke-342,colleague,+6281234567342,1
Tamu Ke-343,vip,+6281234567343,2
Tamu Ke-344,family,+6281234567344,3
Tamu Ke-345,friend,+6281234567345,1
Tamu Ke-346,colleague,+6281234567346,2
Tamu Ke-347,vip,+6281234567347,3
Tamu Ke-348,family,+6281234567348,1
Tamu Ke-349,friend,+6281234567349,2
Tamu Ke-350,colleague,+6281234567350,3
Tamu Ke-351,vip,+6281234567351,1
Tamu Ke-352,family,+6281234567352,2
Tamu Ke-353,friend,+6281234567353,3
Tamu Ke-354,colleague,+6281234567354,1
Tamu Ke-355,vip,+6281234567355,2
Tamu Ke-356,family,+6281234567356,3
Tamu Ke-357,friend,+6281234567357,1
Tamu Ke-358,colleague,+6281234567358,2
Tamu Ke-359,vip,+6281234567359,3
Tamu Ke-360,family,+6281234567360,1
Tamu Ke-361,friend,+6281234567361,2
Tamu Ke-362,colleague,+6281234567362,3
Tamu Ke-363,vip,+6281234567363,1
Tamu Ke-364,family,+6281234567364,2
Tamu Ke-365,friend,+6281234567365,3
Tamu Ke-366,colleague,+6281234567366,1
Tamu Ke-367,vip,+6281234567367,2
Tamu Ke-368,family,+6281234567368,3
Tamu Ke-369,friend,+6281234567369,1
Tamu Ke-370,colleague,+6281234567370,2
Tamu Ke-371,vip,+6281234567371,3
Tamu Ke-372,family,+6281234567372,1
Tamu Ke-373,friend,+6281234567373,2
Tamu Ke-374,colleague,+6281234567374,3
Tamu Ke-375,vip,+6281234567375,1
Tamu Ke-376,family,+6281234567376,2
Tamu Ke-377,friend,+6281234567377,3
Tamu Ke-378,colleague,+6281234567378,1
Tamu Ke-379,vip,+6281234567379,2
Tamu Ke-380,family,+6281234567380,3
Tamu Ke-381,friend,+6281234567381,1
Tamu Ke-382,colleague,+6281234567382,2
Tamu Ke-383,vip,+6281234567383,3
Tamu Ke-384,family,+6281234567384,1
Tamu Ke-385,friend,+6281234567385,2
Tamu Ke-386,colleague,+6281234567386,3
Tamu Ke-387,vip,+6281234567387,1
Tamu Ke-388,family,+6281234567388,2
Tamu Ke-389,friend,+6281234567389,3
Tamu Ke-390,colleague,+6281234567390,1
Tamu Ke-391,vip,+6281234567391,2
Tamu Ke-392,family,+6281234567392,3
Tamu Ke-393,friend,+6281234567393,1
Tamu Ke-394,colleague,+6281234567394,2
Tamu Ke-395,vip,+6281234567395,3
Tamu Ke-396,family,+6281234567396,1
Tamu Ke-397,friend,+6281234567397,2
Tamu Ke-398,colleague,+6281234567398,3
Tamu Ke-399,vip,+6281234567399,1
Tamu Ke-400,family,+6281234567400,2
Tamu Ke-401,friend,+6281234567401,3
Tamu Ke-402,colleague,+6281234567402,1
Tamu Ke-403,vip,+6281234567403,2
Tamu Ke-404,family,+6281234567404,3
Tamu Ke-405,friend,+6281234567405,1
Tamu Ke-406,colleague,+6281234567406,2
Tamu Ke-407,vip,+6281234567407,3
Tamu Ke-408,family,+6281234567408,1
Tamu Ke-409,friend,+6281234567409,2
Tamu Ke-410,colleague,+6281234567410,3
Tamu Ke-411,vip,+6281234567411,1
Tamu Ke-412,family,+6281234567412,2
Tamu Ke-413,friend,+6281234567413,3
Tamu Ke-414,colleague,+6281234567414,1
Tamu Ke-415,vip,+6281234567415,2
Tamu Ke-416,family,+6281234567416,3
Tamu Ke-417,friend,+6281234567417,1
Tamu Ke-418,colleague,+6281234567418,2
Tamu Ke-419,vip,+6281234567419,3
Tamu Ke-420,family,+6281234567420,1
Tamu Ke-421,friend,+6281234567421,2
Tamu Ke-422,colleague,+6281234567422,3
Tamu Ke-423,vip,+6281234567423,1
Tamu Ke-424,family,+6281234567424,2
Tamu Ke-425,friend,+6281234567425,3
Tamu Ke-426,colleague,+6281234567426,1
Tamu Ke-427,vip,+6281234567427,2
Tamu Ke-428,family,+6281234567428,3
Tamu Ke-429,friend,+6281234567429,1
Tamu Ke-430,colleague,+6281234567430,2
Tamu Ke-431,vip,+6281234567431,3
Tamu Ke-432,family,+6281234567432,1
Tamu Ke-433,friend,+6281234567433,2
Tamu Ke-434,colleague,+6281234567434,3
Tamu Ke-435,vip,+6281234567435,1
Tamu Ke-436,family,+6281234567436,2
Tamu Ke-437,friend,+6281234567437,3
Tamu Ke-438,colleague,+6281234567438,1
Tamu Ke-439,vip,+6281234567439,2
Tamu Ke-440,family,+6281234567440,3
Tamu Ke-441,friend,+6281234567441,1
Tamu Ke-442,colleague,+6281234567442,2
Tamu Ke-443,vip,+6281234567443,3
Tamu Ke-444,family,+6281234567444,1
Tamu Ke-445,friend,+6281234567445,2
Tamu Ke-446,colleague,+6281234567446,3
Tamu Ke-447,vip,+6281234567447,1
Tamu Ke-448,family,+6281234567448,2
Tamu Ke-449,friend,+6281234567449,3
Tamu Ke-450,colleague,+6281234567450,1
Tamu Ke-451,vip,+6281234567451,2
Tamu Ke-452,family,+6281234567452,3
Tamu Ke-453,friend,+6281234567453,1
Tamu Ke-454,colleague,+6281234567454,2
Tamu Ke-455,vip,+6281234567455,3
Tamu Ke-456,family,+6281234567456,1
Tamu Ke-457,friend,+6281234567457,2
Tamu Ke-458,colleague,+6281234567458,3
Tamu Ke-459,vip,+6281234567459,1
Tamu Ke-460,family,+6281234567460,2
Tamu Ke-461,friend,+6281234567461,3
Tamu Ke-462,colleague,+6281234567462,1
Tamu Ke-463,vip,+6281234567463,2
Tamu Ke-464,family,+6281234567464,3
Tamu Ke-465,friend,+6281234567465,1
Tamu Ke-466,colleague,+6281234567466,2
Tamu Ke-467,vip,+6281234567467,3
Tamu Ke-468,family,+6281234567468,1
Tamu Ke-469,friend,+6281234567469,2
Tamu Ke-470,colleague,+6281234567470,3
Tamu Ke-471,vip,+6281234567471,1
Tamu Ke-472,family,+6281234567472,2
Tamu Ke-473,friend,+6281234567473,3
Tamu Ke-474,colleague,+6281234567474,1
Tamu Ke-475,vip,+6281234567475,2
Tamu Ke-476,family,+6281234567476,3
Tamu Ke-477,friend,+6281234567477,1
Tamu Ke-478,colleague,+6281234567478,2
Tamu Ke-479,vip,+6281234567479,3
Tamu Ke-480,family,+6281234567480,1
Tamu Ke-481,friend,+6281234567481,2
Tamu Ke-482,colleague,+6281234567482,3
Tamu Ke-483,vip,+6281234567483,1
Tamu Ke-484,family,+6281234567484,2
Tamu Ke-485,friend,+6281234567485,3
Tamu Ke-486,colleague,+6281234567486,1
Tamu Ke-487,vip,+6281234567487,2
Tamu Ke-488,family,+6281234567488,3
Tamu Ke-489,friend,+6281234567489,1
Tamu Ke-490,colleague,+6281234567490,2
Tamu Ke-491,vip,+6281234567491,3
Tamu Ke-492,family,+6281234567492,1
Tamu Ke-493,friend,+6281234567493,2
Tamu Ke-494,colleague,+6281234567494,3
Tamu Ke-495,vip,+6281234567495,1
Tamu Ke-496,family,+6281234567496,2
Tamu Ke-497,friend,+6281234567497,3
Tamu Ke-498,colleague,+6281234567498,1
Tamu Ke-499,vip,+6281234567499,2
Tamu Ke-500,family,+6281234567500,3
Tamu Ke-501,friend,+6281234567501,1
Tamu Ke-502,colleague,+6281234567502,2
Tamu Ke-503,vip,+6281234567503,3
Tamu Ke-504,family,+6281234567504,1
Tamu Ke-505,friend,+6281234567505,2
Tamu Ke-506,colleague,+6281234567506,3
Tamu Ke-507,vip,+6281234567507,1
Tamu Ke-508,family,+6281234567508,2
Tamu Ke-509,friend,+6281234567509,3
Tamu Ke-510,colleague,+6281234567510,1
Tamu Ke-511,vip,+6281234567511,2
Tamu Ke-512,family,+6281234567512,3
Tamu Ke-513,friend,+6281234567513,1
Tamu Ke-514,colleague,+6281234567514,2
Tamu Ke-515,vip,+6281234567515,3
Tamu Ke-516,family,+6281234567516,1
Tamu Ke-517,friend,+6281234567517,2
Tamu Ke-518,colleague,+6281234567518,3
Tamu Ke-519,vip,+6281234567519,1
Tamu Ke-520,family,+6281234567520,2
Tamu Ke-521,friend,+6281234567521,3
Tamu Ke-522,colleague,+6281234567522,1
Tamu Ke-523,vip,+6281234567523,2
Tamu Ke-524,family,+6281234567524,3
Tamu Ke-525,friend,+6281234567525,1
Tamu Ke-526,colleague,+6281234567526,2
Tamu Ke-527,vip,+6281234567527,3
Tamu Ke-528,family,+6281234567528,1
Tamu Ke-529,friend,+6281234567529,2
Tamu Ke-530,colleague,+6281234567530,3
Tamu Ke-531,vip,+6281234567531,1
Tamu Ke-532,family,+6281234567532,2
Tamu Ke-533,friend,+6281234567533,3
Tamu Ke-534,colleague,+6281234567534,1
Tamu Ke-535,vip,+6281234567535,2
Tamu Ke-536,family,+6281234567536,3
Tamu Ke-537,friend,+6281234567537,1
Tamu Ke-538,colleague,+6281234567538,2
Tamu Ke-539,vip,+6281234567539,3
Tamu Ke-540,family,+6281234567540,1
Tamu Ke-541,friend,+6281234567541,2
Tamu Ke-542,colleague,+6281234567542,3
Tamu Ke-543,vip,+6281234567543,1
Tamu Ke-544,family,+6281234567544,2
Tamu Ke-545,friend,+6281234567545,3
Tamu Ke-546,colleague,+6281234567546,1
Tamu Ke-547,vip,+6281234567547,2
Tamu Ke-548,family,+6281234567548,3
Tamu Ke-549,friend,+6281234567549,1
Tamu Ke-550,colleague,+6281234567550,2
Tamu Ke-551,vip,+6281234567551,3
Tamu Ke-552,family,+6281234567552,1
Tamu Ke-553,friend,+6281234567553,2
Tamu Ke-554,colleague,+6281234567554,3
Tamu Ke-555,vip,+6281234567555,1
Tamu Ke-556,family,+6281234567556,2
Tamu Ke-557,friend,+6281234567557,3
Tamu Ke-558,colleague,+6281234567558,1
Tamu Ke-559,vip,+6281234567559,2
Tamu Ke-560,family,+6281234567560,3
Tamu Ke-561,friend,+6281234567561,1
Tamu Ke-562,colleague,+6281234567562,2
Tamu Ke-563,vip,+6281234567563,3
Tamu Ke-564,family,+6281234567564,1
Tamu Ke-565,friend,+6281234567565,2
Tamu Ke-566,colleague,+6281234567566,3
Tamu Ke-567,vip,+6281234567567,1
Tamu Ke-568,family,+6281234567568,2
Tamu Ke-569,friend,+6281234567569,3
Tamu Ke-570,colleague,+6281234567570,1
Tamu Ke-571,vip,+6281234567571,2
Tamu Ke-572,family,+6281234567572,3
Tamu Ke-573,friend,+6281234567573,1
Tamu Ke-574,colleague,+6281234567574,2
Tamu Ke-575,vip,+6281234567575,3
Tamu Ke-576,family,+6281234567576,1
Tamu Ke-577,friend,+6281234567577,2
Tamu Ke-578,colleague,+6281234567578,3
Tamu Ke-579,vip,+6281234567579,1
Tamu Ke-580,family,+6281234567580,2
Tamu Ke-581,friend,+6281234567581,3
Tamu Ke-582,colleague,+6281234567582,1
Tamu Ke-583,vip,+6281234567583,2
Tamu Ke-584,family,+6281234567584,3
Tamu Ke-585,friend,+6281234567585,1
Tamu Ke-586,colleague,+6281234567586,2
Tamu Ke-587,vip,+6281234567587,3
Tamu Ke-588,family,+6281234567588,1
Tamu Ke-589,friend,+6281234567589,2
Tamu Ke-590,colleague,+6281234567590,3
Tamu Ke-591,vip,+6281234567591,1
Tamu Ke-592,family,+6281234567592,2
Tamu Ke-593,friend,+6281234567593,3
Tamu Ke-594,colleague,+6281234567594,1
Tamu Ke-595,vip,+6281234567595,2
Tamu Ke-596,family,+6281234567596,3
Tamu Ke-597,friend,+6281234567597,1
Tamu Ke-598,colleague,+6281234567598,2
Tamu Ke-599,vip,+6281234567599,3
Tamu Ke-600,family,+6281234567600,1